time,	length
476,	7.65587
3945,	9.84839
379,	8.30061
346,	8.67472
301,	7.26199
528,	9.8746
180,	9.83406
903,	7.83041
151,	9.89251
1183,	12.1933
1833,	8.15139
1095,	8.10995
753,	11.6757
862,	8.86445
12921,	9.44
636,	7.89645
1884,	11.1758
723,	7.64955
697,	9.63862
4907,	9.39003
532,	9.584
1667,	8.3749
15001,	0
75,	9.15671
1019,	8.62371
2299,	11.4607
676,	7.12466
1846,	11.0694
3471,	9.02892
1485,	8.72637
