time,	length
156,	7.71176
3074,	6.96676
15003,	0
914,	6.93911
6299,	14.358
768,	7.26534
1286,	10.3942
842,	10.0736
689,	9.43662
7910,	9.42501
1482,	7.68318
1297,	8.84761
84,	7.57778
510,	9.43069
1439,	10.4004
422,	8.17034
1635,	9.30325
458,	8.20359
1055,	8.90785
4791,	9.45573
5885,	7.59117
1298,	9.04549
3557,	10.4146
2085,	8.49492
11169,	13.082
4342,	10.5815
2870,	10.5051
5682,	9.42882
3420,	8.8209
424,	8.61481
