time,	length
441,	9.11352
766,	9.60812
395,	7.46014
502,	9.02473
103,	8.79851
2764,	10.338
104,	9.84703
289,	5.54017
4316,	7.4875
457,	7.38068
297,	7.39048
291,	8.31722
1028,	9.11983
71,	6.09553
623,	7.26981
646,	9.3267
636,	7.84329
891,	10.36
2238,	8.02852
428,	7.70771
604,	7.47389
3221,	7.79891
3608,	7.76711
6801,	9.31258
5006,	7.95089
470,	10.3274
370,	8.86382
790,	7.68113
1196,	6.78186
397,	7.88893
