time,	length
9685,	10.6875
5172,	6.65369
2001,	8.12018
10992,	7.70014
4940,	9.94451
1574,	9.38335
9180,	8.22668
1388,	9.20566
3172,	9.44891
2275,	9.7954
82,	6.6292
1325,	8.87997
2222,	10.2458
839,	7.71759
8026,	8.80035
3694,	9.89415
3293,	8.07145
3052,	8.57202
2856,	7.16695
3015,	9.53578
3370,	9.53989
736,	10.4833
15001,	0
5752,	8.01298
1220,	7.88842
757,	8.20119
532,	7.95506
7036,	9.52809
15004,	0
1297,	12.6233
