time,	length
10175,	12.6578
3590,	9.93815
2401,	7.56307
173,	8.4603
356,	7.0693
989,	6.92252
1122,	9.3241
2162,	9.27802
2546,	11.8074
6758,	9.01749
5959,	7.45163
76,	8.5316
908,	7.36607
208,	6.46679
561,	8.84505
1134,	9.63144
787,	12.7253
878,	8.05914
1562,	8.67966
221,	7.70789
320,	8.59402
1081,	9.11073
1232,	7.51463
163,	8.09206
1234,	11.8488
97,	7.56738
2215,	8.72391
870,	13.6362
297,	10.0941
651,	7.36486
