time,	length
252,	8.48611
137,	8.652
3110,	8.38885
251,	7.5489
55,	7.50628
995,	6.86909
1308,	9.71908
91,	5.81895
1711,	6.90199
486,	7.79155
995,	8.1822
747,	7.69515
119,	8.71353
717,	9.90502
1368,	8.36412
753,	8.42182
54,	7.76841
130,	7.21362
5382,	6.55426
582,	5.39682
5375,	9.15643
118,	6.9985
1258,	8.10892
593,	6.80286
1691,	9.2867
144,	7.04998
1218,	9.63344
88,	6.74385
438,	9.24206
167,	7.36319
