time,	length
1469,	6.79749
1093,	9.98603
91,	7.8635
3190,	10.9795
294,	7.68243
7246,	10.4381
1508,	8.07805
218,	7.88224
640,	7.97716
8736,	7.79439
209,	8.06166
2567,	8.87159
5470,	13.4524
3201,	12.0382
3141,	8.84048
356,	9.62843
894,	9.90496
1948,	7.67313
341,	9.29515
1308,	6.59166
4830,	10.2923
732,	9.04853
378,	8.93256
651,	9.52429
5425,	13.0207
1469,	7.43547
682,	6.75951
927,	7.27703
2695,	8.18035
4186,	8.42553
