time,	length
42,	6.26292
508,	6.61252
6348,	15.3052
707,	11.0503
1313,	7.98382
10800,	9.6901
354,	7.8975
1254,	8.37308
226,	7.00699
3364,	10.8085
239,	9.11603
1293,	6.71249
88,	6.60106
98,	6.27028
455,	5.76346
710,	10.158
920,	9.89386
772,	8.48925
7432,	8.3998
170,	5.33677
195,	6.22893
621,	9.18947
370,	9.33285
790,	10.3294
49,	6.38555
639,	8.51923
1018,	7.65914
296,	9.83547
704,	11.9403
923,	10.6113
