0.034, +Inf, +Inf, +Inf
0.03425, +Inf, +Inf, +Inf
0.0345, +Inf, +Inf, +Inf
0.03475, +Inf, +Inf, +Inf
0.035, 316.512, 77.0065, 87.2067
0.03525, 347.052, 71.7008, 89.0505
0.0355, 313.576, 79.404, 88.5664
0.03575, 332.602, 74.8131, 86.7698
0.036, 300.375, 74.8131, 88.5664